Date:- 10/1/2011 2:59:06 PM Extract Name:- Relationship Managers
RMID|||RMNAME|||CCMAILID|||UNITHEAD|||REGION|||REPORTINGHEADEMAILID~~~
RMG0000075|||DEEPAK GUPTA|||Deepak.Gupta@hdfcbank.com|||Nirav C Shah|||WESTERN|||nirav.cshah@hdfcbank.com~~~
RMG0000115|||SUBHRADIP BHOWMICK|||Subhradip.Bhowmick@hdfcbank.com|||Nirav C Shah|||WESTERN|||nirav.cshah@hdfcbank.com~~~
RMG0000222|||MANEESH BHARDWAJ|||Maneesh.Bhardwaj@hdfcbank.com|||Nirav C Shah|||WESTERN|||nirav.cshah@hdfcbank.com~~~
RMG0000223|||ANSHUMAN BHADURI|||Anshuman.Bhaduri@hdfcbank.com|||Nirav C Shah|||WESTERN|||nirav.cshah@hdfcbank.com~~~
RMG0000232|||JANICE FERNANDES|||Janice.Z.Fernandes@hdfcbank.com|||Nirav C Shah|||WESTERN|||nirav.cshah@hdfcbank.com~~~
RMG0000256|||KAUSHAL RAJ SINGH|||kaushal.singh@hdfcbank.com|||Amit Doshi|||NORTHERN|||amita.doshi@hdfcbank.com~~~
RMG0000258|||SHANTANU CHAKRABARTI|||Shantanu.Chakrabarti@hdfcbank.com|||Amit Doshi|||NORTHERN|||amita.doshi@hdfcbank.com~~~
RMG0000259|||SUSEENDRAN SUDHA|||Suseendran.Sudha@hdfcbank.com|||Amit Doshi|||NORTHERN|||amita.doshi@hdfcbank.com~~~
RMG0000264|||MAHESH DAYANI|||Mahesh.Dayani@hdfcbank.com|||Amit Doshi|||NORTHERN|||amita.doshi@hdfcbank.com~~~
RMG0000275|||VEEREN DESHPANDE|||Veeren.Deshpande@hdfcbank.com|||Amit Doshi|||NORTHERN|||amita.doshi@hdfcbank.com~~~
RMG0000284|||V.K.JAIN|||V.K.Jain@hdfcbank.com|||Amit Doshi|||NORTHERN|||amita.doshi@hdfcbank.com~~~
RMG0000296|||PRIYANKA BAKSHI|||Priyanka.Bakshi@hdfcbank.com|||Amit Doshi|||NORTHERN|||amita.doshi@hdfcbank.com~~~
RMG0000299|||AMANDEEP SINGH|||NORTH@hdfcbank.com|||Amit Doshi|||NORTHERN|||amita.doshi@hdfcbank.com~~~
RMG0000302|||NARESH KUMAR|||Naresh.Kumar@hdfcbank.com|||Amit Doshi|||NORTHERN|||amita.doshi@hdfcbank.com~~~
RMG0000308|||KANTHI KIRAN|||Kanthi.Kiran@hdfcbank.com|||Amit Doshi|||NORTHERN|||amita.doshi@hdfcbank.com~~~
RMG0000312|||GAURAV SRIVASTAVA|||Gaurav.Srivastava@hdfcbank.com|||Deepak Manuja|||EASTERN|||deepaka.manuja@hdfcbank.com~~~
RMG0000318|||SANJEEV CHAUDHARY|||Sanjeev.Kumar.Choudhary@hdfcbank.com|||Deepak Manuja|||EASTERN|||deepaka.manuja@hdfcbank.com~~~
RMG0000320|||MURALI SHANKAR|||Murali.Shankar@hdfcbank.com|||Deepak Manuja|||EASTERN|||deepaka.manuja@hdfcbank.com~~~
RMG0000325|||ABHISHEK SHARMA|||AbhishekS.Sharma@hdfcbank.com|||Deepak Manuja|||EASTERN|||deepaka.manuja@hdfcbank.com~~~
RMG0000349|||PINAKIN SIMARIA|||Pinakin.Simaria@hdfcbank.com|||Deepak Manuja|||EASTERN|||deepaka.manuja@hdfcbank.com~~~
RMG0000350|||DHANISH KOTHARI|||Dhanish.Kothari@hdfcbank.com|||Deepak Manuja|||EASTERN|||deepaka.manuja@hdfcbank.com~~~
RMG0000351|||ASIT KUMAR NAYAK|||AsitKumar.Nayak@hdfcbank.com|||Deepak Manuja|||EASTERN|||deepaka.manuja@hdfcbank.com~~~
RMG0000358|||PANKAJ KM GUPTA|||PankajKm.Gupta@hdfcbank.com|||Deepak Manuja|||EASTERN|||deepaka.manuja@hdfcbank.com~~~
RMG0000359|||ABHISHEK MISHRA|||Abhishek.Mishra@hdfcbank.com|||Deepak Manuja|||EASTERN|||deepaka.manuja@hdfcbank.com~~~
RMG0000367|||KANWARJIT SINGH|||kanwarjitsingh@hdfcbank.com|||Deepak Manuja|||EASTERN|||deepaka.manuja@hdfcbank.com~~~
RMG0000370|||SAMIR MALAYAZ|||Samir.Malayaz@hdfcbank.com|||Devang Desai|||SOUTHERN|||devangi.desai@hdfcbank.com~~~
RMG0000371|||GURUDAT NAYAK|||Guru.Nayak@hdfcbank.com|||Devang Desai|||SOUTHERN|||devangi.desai@hdfcbank.com~~~
RMG0000372|||SANTHOSH THOMAS|||Santhosh.Thomas.Kunnel@hdfcbank.com|||Devang Desai|||SOUTHERN|||devangi.desai@hdfcbank.com~~~
RMG0000374|||SACHIN MONGIA|||sachin.mongia@hdfcbank.com|||Devang Desai|||SOUTHERN|||devangi.desai@hdfcbank.com~~~
RMG0000513|||SAMEER SHIMARIA|||Sameer.Shimaria@hdfcbank.com|||Devang Desai|||SOUTHERN|||devangi.desai@hdfcbank.com~~~
Total Row Count =30
